link,from_url,keywords
https://admission.gatech.edu/visit,https://www.cc.gatech.edu/,Campus Visits
https://arts.gatech.edu/,https://www.cc.gatech.edu/,Ferst Center for the Arts
https://calendar.gatech.edu/,https://www.cc.gatech.edu/,Campus Calendar
https://comm.gatech.edu/,https://www.cc.gatech.edu/,Institute Communications
https://cse.gatech.edu/,https://www.cc.gatech.edu/,School of Computational Science and Engineering
https://gatech.bncollege.com/shop/gatech/home,https://www.cc.gatech.edu/,Barnes and Noble at Georgia Tech
https://gatech.co1.qualtrics.com/jfe/form/SV_aWerVD7pE52wPSS,https://www.cc.gatech.edu/,Website Feedback Form
https://gatech.edu/,https://www.cc.gatech.edu/,Georgia Institute of Technology
https://gatechhotel.com/,https://www.cc.gatech.edu/,Georgia Tech Hotel and Conference Center
https://giving.gatech.edu/campaigns/60043/donations/new,https://www.cc.gatech.edu/,Give to Computing Now
https://greenbuzz.gatech.edu/,https://www.cc.gatech.edu/,GreenBuzz
https://ic.gatech.edu/,https://www.cc.gatech.edu/,School of Interactive Computing
https://lawn.gatech.edu/gtvisitor,https://www.cc.gatech.edu/,GT visitor Wireless Network Information
https://news.gatech.edu/,https://www.cc.gatech.edu/,News Center
https://pe.gatech.edu/global-learning-center,https://www.cc.gatech.edu/,Georgia Tech Global Learning Center
https://prod-cc.cc.gatech.edu/office-development,https://www.cc.gatech.edu/,Industry
https://pts.gatech.edu/visitors,https://www.cc.gatech.edu/,Visitor Parking Information
https://sci.cc.gatech.edu/,https://www.cc.gatech.edu/,School of Computing Instruction
https://scp.cc.gatech.edu/,https://www.cc.gatech.edu/,School of Cybersecurity and Privacy
https://scs.gatech.edu/,https://www.cc.gatech.edu/,School of Computer Science
https://sites.gatech.edu/msgraduation/,https://www.cc.gatech.edu/,MS Graduation
https://sites.gatech.edu/research/,https://www.cc.gatech.edu/,Impact and Leadership
https://specialevents.gatech.edu/,https://www.cc.gatech.edu/,Special Events
https://www.facebook.com/gtcomputing,https://www.cc.gatech.edu/,
https://www.flickr.com/photos/ccgatech,https://www.cc.gatech.edu/,
https://www.gatech.edu/about/visit,https://www.cc.gatech.edu/,Directions to Campus
https://www.gatech.edu/offices-and-departments,https://www.cc.gatech.edu/,Offices and Departments
https://www.instagram.com/gtcomputing,https://www.cc.gatech.edu/,
https://www.youtube.com/ccgatech,https://www.cc.gatech.edu/,
https://x.com/gtcomputing,https://www.cc.gatech.edu/,
